	Filename	Id	Gender	Age
0	Id000104.txt	000104	Male	33
1	Id002630.txt	002630	Female	37
2	Id002838.txt	002838	Male	2
3	Id002942.txt	002942	Male	35
4	Id004636.txt	004636	Female	26
5	Id005431.txt	005431	Female	10
6	Id005535.txt	005535	Male	12
7	Id005639.txt	005639	Female	45
8	Id008440.txt	008440	Male	40
9	Id009131.txt	009131	Male	7
10	Id009443.txt	009443	Male	9
11	Id009547.txt	009547	Female	42
12	Id009859.txt	009859	Female	9
13	Id009963.txt	009963	Male	37
14	Id010002.txt	010002	Female	41
15	Id013635.txt	013635	Female	37
16	Id013843.txt	013843	Female	61
17	Id014222.txt	014222	Male	12
18	Id014638.txt	014638	Female	34
19	Id014950.txt	014950	Female	7
20	Id015953.txt	015953	Male	8
21	Id016020.txt	016020	Female	12
22	Id016124.txt	016124	Female	43
23	Id016228.txt	016228	Male	37
24	Id017127.txt	017127	Female	7
25	Id018650.txt	018650	Female	11
26	Id019029.txt	019029	Male	12
27	Id019341.txt	019341	Male	24
28	Id019445.txt	019445	Female	25
29	Id020212.txt	020212	Male	44
30	Id020732.txt	020732	Male	60
31	Id021527.txt	021527	Male	10
32	Id021631.txt	021631	Female	47
33	Id021735.txt	021735	Female	15
34	Id021943.txt	021943	Female	38
35	Id022218.txt	022218	Female	7
36	Id022322.txt	022322	Female	43
37	Id024744.txt	024744	Female	39
38	Id053643.txt	053643	Female	27
39	Id054230.txt	054230	Female	41
40	Id054334.txt	054334	Female	11
41	Id054438.txt	054438	Male	43
42	Id057863.txt	057863	Male	44
43	Id057967.txt	057967	Male	12
44	Id058242.txt	058242	Female	6
45	Id058346.txt	058346	Male	9
46	Id058762.txt	058762	Male	8
47	Id058866.txt	058866	Female	9
48	Id059973.txt	059973	Male	11
49	Id061535.txt	061535	Male	13
50	Id063645.txt	063645	Male	48
51	Id064960.txt	064960	Female	45
52	Id065131.txt	065131	Male	48
53	Id065859.txt	065859	Female	28
54	Id065963.txt	065963	Male	26
55	Id066030.txt	066030	Male	59
56	Id066134.txt	066134	Female	8
57	Id066238.txt	066238	Female	12
58	Id066446.txt	066446	Male	10
59	Id066550.txt	066550	Female	42
60	Id066654.txt	066654	Female	34
61	Id066758.txt	066758	Male	35
62	Id066862.txt	066862	Male	7
63	Id067969.txt	067969	Male	41
64	Id068036.txt	068036	Male	10
65	Id068348.txt	068348	Female	8
66	Id068452.txt	068452	Female	9
67	Id068556.txt	068556	Female	54
68	Id068660.txt	068660	Female	10
69	Id068764.txt	068764	Female	41
70	Id068972.txt	068972	Female	6
71	Id069975.txt	069975	Female	65
72	Id070014.txt	070014	Male	12
73	Id070222.txt	070222	Female	40
74	Id070638.txt	070638	Male	10
75	Id070742.txt	070742	Female	40
76	Id071537.txt	071537	Male	49
77	Id071953.txt	071953	Female	38
78	Id072540.txt	072540	Male	9
79	Id072748.txt	072748	Male	8
80	Id073543.txt	073543	Male	26
81	Id074130.txt	074130	Male	40
82	Id101212.txt	101212	Male	54
83	Id102215.txt	102215	Female	12
84	Id102319.txt	102319	Female	8
85	Id102423.txt	102423	Female	39
86	Id102943.txt	102943	Female	10
87	Id103114.txt	103114	Female	33
88	Id103218.txt	103218	Male	37
89	Id105120.txt	105120	Male	51
90	Id106019.txt	106019	Female	29
91	Id106435.txt	106435	Male	15
92	Id109132.txt	109132	Female	10
93	Id109236.txt	109236	Female	44
94	Id109964.txt	109964	Male	42
95	Id110211.txt	110211	Male	10
96	Id110419.txt	110419	Female	29
97	Id112009.txt	112009	Female	11
98	Id112113.txt	112113	Female	12
99	Id113012.txt	113012	Female	35
100	Id114951.txt	114951	Male	11
101	Id115122.txt	115122	Female	36
102	Id115226.txt	115226	Male	40
103	Id117128.txt	117128	Female	14
104	Id117232.txt	117232	Female	10
105	Id117752.txt	117752	Male	26
106	Id119654.txt	119654	Female	9
107	Id120837.txt	120837	Male	50
108	Id120941.txt	120941	Female	51
109	Id121424.txt	121424	Male	34
110	Id125644.txt	125644	Male	16
111	Id129552.txt	129552	Male	14
112	Id130943.txt	130943	Male	25
113	Id131634.txt	131634	Female	24
114	Id135022.txt	135022	Male	23
115	Id138551.txt	138551	Male	23
116	Id139970.txt	139970	Male	26
117	Id150219.txt	150219	Male	8
118	Id150427.txt	150427	Female	14
119	Id150739.txt	150739	Female	12
120	Id150843.txt	150843	Female	40
121	Id151430.txt	151430	Female	52
122	Id153644.txt	153644	Female	43
123	Id153956.txt	153956	Female	19
124	Id154023.txt	154023	Female	13
125	Id156237.txt	156237	Female	33
126	Id156341.txt	156341	Female	29
127	Id157136.txt	157136	Male	14
128	Id157240.txt	157240	Male	14
129	Id158347.txt	158347	Male	39
130	Id159558.txt	159558	Male	52
131	Id159974.txt	159974	Female	24
132	Id163126.txt	163126	Female	23
133	Id163230.txt	163230	Male	25
134	Id165236.txt	165236	Male	60
135	Id167034.txt	167034	Male	38
136	Id169352.txt	169352	Male	24
137	Id169456.txt	169456	Female	25
138	Id171330.txt	171330	Male	42
139	Id179042.txt	179042	Female	38
140	Id179562.txt	179562	Male	37
141	Id179666.txt	179666	Male	28
142	Id200106.txt	200106	Female	21
143	Id200210.txt	200210	Female	18
144	Id200314.txt	200314	Female	17
145	Id200938.txt	200938	Female	33
146	Id201525.txt	201525	Male	41
147	Id201733.txt	201733	Male	12
148	Id202840.txt	202840	Male	9
149	Id204222.txt	204222	Female	60
150	Id204430.txt	204430	Male	11
151	Id204534.txt	204534	Male	9
152	Id205641.txt	205641	Male	12
153	Id207751.txt	207751	Female	39
154	Id207855.txt	207855	Male	7
155	Id208026.txt	208026	Female	37
156	Id208962.txt	208962	Female	68
157	Id211423.txt	211423	Female	6
158	Id211943.txt	211943	Male	13
159	Id215019.txt	215019	Female	14
160	Id216126.txt	216126	Female	12
161	Id216230.txt	216230	Female	9
162	Id216334.txt	216334	Female	9
163	Id216854.txt	216854	Female	47
164	Id217025.txt	217025	Female	6
165	Id217129.txt	217129	Female	47
166	Id217753.txt	217753	Female	23
167	Id217961.txt	217961	Female	11
168	Id219239.txt	219239	Male	39
169	Id220734.txt	220734	Male	11
170	Id221321.txt	221321	Male	28
171	Id221841.txt	221841	Male	22
172	Id221945.txt	221945	Male	25
173	Id223639.txt	223639	Male	10
174	Id223743.txt	223743	Female	7
175	Id223847.txt	223847	Male	47
176	Id223951.txt	223951	Male	27
177	Id224122.txt	224122	Male	71
178	Id224226.txt	224226	Male	30
179	Id224746.txt	224746	Female	32
180	Id224850.txt	224850	Male	56
181	Id224954.txt	224954	Male	39
182	Id225021.txt	225021	Male	29
183	Id225125.txt	225125	Female	31
184	Id225229.txt	225229	Male	28
185	Id225333.txt	225333	Male	23
186	Id225437.txt	225437	Male	23
187	Id225541.txt	225541	Male	22
188	Id225645.txt	225645	Male	23
189	Id225749.txt	225749	Female	36
190	Id226024.txt	226024	Female	36
191	Id226128.txt	226128	Male	32
192	Id226232.txt	226232	Male	34
193	Id226648.txt	226648	Male	24
194	Id226752.txt	226752	Male	22
195	Id226960.txt	226960	Male	29
196	Id227027.txt	227027	Male	26
197	Id227547.txt	227547	Female	33
198	Id227859.txt	227859	Male	22
199	Id250220.txt	250220	Female	33
200	Id251951.txt	251951	Female	41
201	Id254960.txt	254960	Female	72
202	Id255027.txt	255027	Female	72
203	Id255131.txt	255131	Male	43
204	Id255651.txt	255651	Female	36
205	Id255755.txt	255755	Male	39
206	Id256342.txt	256342	Male	53
207	Id256446.txt	256446	Female	19
208	Id264338.txt	264338	Female	44
209	Id266656.txt	266656	Male	8
210	Id266864.txt	266864	Male	7
211	Id266968.txt	266968	Male	7
212	Id267347.txt	267347	Male	44
213	Id267867.txt	267867	Female	7
214	Id267971.txt	267971	Male	55
215	Id268038.txt	268038	Female	52
216	Id268142.txt	268142	Male	9
217	Id268246.txt	268246	Female	9
218	Id268766.txt	268766	Male	21
219	Id269041.txt	269041	Female	10
220	Id269457.txt	269457	Female	20
221	Id269561.txt	269561	Male	39
222	Id269665.txt	269665	Male	8
223	Id271435.txt	271435	Male	22
224	Id271643.txt	271643	Male	21
225	Id271747.txt	271747	Male	21
226	Id272750.txt	272750	Male	8
227	Id273545.txt	273545	Male	12
228	Id275447.txt	275447	Male	25
229	Id275551.txt	275551	Female	38
230	Id277037.txt	277037	Male	52
231	Id277349.txt	277349	Male	39
232	Id277557.txt	277557	Male	69
233	Id277661.txt	277661	Female	70
234	Id277869.txt	277869	Male	52
235	Id278040.txt	278040	Male	52
236	Id300211.txt	300211	Female	20
237	Id300315.txt	300315	Male	29
238	Id300627.txt	300627	Male	10
239	Id300835.txt	300835	Female	9
240	Id300939.txt	300939	Male	47
241	Id301006.txt	301006	Male	56
242	Id301526.txt	301526	Female	42
243	Id301734.txt	301734	Male	9
244	Id301838.txt	301838	Female	12
245	Id302841.txt	302841	Male	38
246	Id303324.txt	303324	Male	59
247	Id303636.txt	303636	Female	10
248	Id304743.txt	304743	Male	9
249	Id304951.txt	304951	Male	8
250	Id305122.txt	305122	Male	31
251	Id306125.txt	306125	Male	14
252	Id307336.txt	307336	Female	10
253	Id307544.txt	307544	Female	44
254	Id307648.txt	307648	Male	12
255	Id307856.txt	307856	Male	13
256	Id308131.txt	308131	Female	21
257	Id308235.txt	308235	Female	38
258	Id308339.txt	308339	Female	64
259	Id308859.txt	308859	Male	8
260	Id308963.txt	308963	Female	45
261	Id309030.txt	309030	Female	42
262	Id309238.txt	309238	Female	44
263	Id309342.txt	309342	Female	37
264	Id309446.txt	309446	Male	10
265	Id310005.txt	310005	Male	10
266	Id310213.txt	310213	Female	8
267	Id310317.txt	310317	Female	38
268	Id312531.txt	312531	Male	7
269	Id312739.txt	312739	Female	43
270	Id312947.txt	312947	Female	22
271	Id313014.txt	313014	Female	21
272	Id314121.txt	314121	Male	16
273	Id314225.txt	314225	Male	17
274	Id314537.txt	314537	Male	33
275	Id314641.txt	314641	Female	33
276	Id315020.txt	315020	Female	11
277	Id315332.txt	315332	Female	6
278	Id315436.txt	315436	Female	12
279	Id315540.txt	315540	Female	10
280	Id316231.txt	316231	Male	7
281	Id317026.txt	317026	Female	7
282	Id317130.txt	317130	Male	78
283	Id317234.txt	317234	Female	70
284	Id317650.txt	317650	Female	44
285	Id318133.txt	318133	Female	8
286	Id318861.txt	318861	Male	8
287	Id318965.txt	318965	Male	66
288	Id319344.txt	319344	Male	16
289	Id319448.txt	319448	Female	16
290	Id319552.txt	319552	Female	17
291	Id319656.txt	319656	Female	19
292	Id319760.txt	319760	Female	21
293	Id319864.txt	319864	Female	18
294	Id320215.txt	320215	Male	16
295	Id320319.txt	320319	Male	17
296	Id320423.txt	320423	Male	11
297	Id320527.txt	320527	Male	12
298	Id320631.txt	320631	Male	11
299	Id320735.txt	320735	Male	11
300	Id320839.txt	320839	Female	41
301	Id320943.txt	320943	Male	10
302	Id321530.txt	321530	Male	20
303	Id321634.txt	321634	Female	19
304	Id321738.txt	321738	Male	9
305	Id322013.txt	322013	Female	8
306	Id322637.txt	322637	Male	7
307	Id322741.txt	322741	Female	42
308	Id322949.txt	322949	Male	9
309	Id323120.txt	323120	Male	11
310	Id323328.txt	323328	Male	10
311	Id323536.txt	323536	Male	64
312	Id324539.txt	324539	Female	23
313	Id325022.txt	325022	Male	39
314	Id325126.txt	325126	Female	39
315	Id325230.txt	325230	Female	24
316	Id325334.txt	325334	Female	23
317	Id325750.txt	325750	Male	19
318	Id325854.txt	325854	Male	19
319	Id326025.txt	326025	Male	25
320	Id350117.txt	350117	Male	26
321	Id350221.txt	350221	Female	30
322	Id350429.txt	350429	Male	48
323	Id350533.txt	350533	Female	20
324	Id350637.txt	350637	Female	19
325	Id350845.txt	350845	Male	10
326	Id351848.txt	351848	Female	42
327	Id353334.txt	353334	Female	19
328	Id353438.txt	353438	Female	18
329	Id354441.txt	354441	Female	77
330	Id354545.txt	354545	Female	51
331	Id354649.txt	354649	Female	33
332	Id354753.txt	354753	Male	51
333	Id354857.txt	354857	Male	21
334	Id354961.txt	354961	Male	10
335	Id355028.txt	355028	Female	16
336	Id355132.txt	355132	Female	42
337	Id355548.txt	355548	Female	8
338	Id355756.txt	355756	Female	38
339	Id356031.txt	356031	Female	43
340	Id356343.txt	356343	Male	10
341	Id356447.txt	356447	Male	8
342	Id356551.txt	356551	Female	9
343	Id356655.txt	356655	Female	10
344	Id356863.txt	356863	Female	38
345	Id356967.txt	356967	Male	45
346	Id357138.txt	357138	Female	44
347	Id357242.txt	357242	Female	71
348	Id357346.txt	357346	Female	8
349	Id357450.txt	357450	Male	73
350	Id357554.txt	357554	Male	50
351	Id357658.txt	357658	Male	41
352	Id357970.txt	357970	Female	9
353	Id358869.txt	358869	Male	11
354	Id358973.txt	358973	Female	69
355	Id359976.txt	359976	Male	6
356	Id360431.txt	360431	Female	21
357	Id361746.txt	361746	Female	10
358	Id362021.txt	362021	Male	68
359	Id362125.txt	362125	Female	37
360	Id362229.txt	362229	Male	44
361	Id362333.txt	362333	Female	62
362	Id362437.txt	362437	Female	38
363	Id363232.txt	363232	Female	54
364	Id363336.txt	363336	Female	15
365	Id363440.txt	363440	Male	13
366	Id364235.txt	364235	Male	68
367	Id364443.txt	364443	Female	54
368	Id364547.txt	364547	Female	63
369	Id364963.txt	364963	Male	22
370	Id365030.txt	365030	Female	21
371	Id365654.txt	365654	Female	27
372	Id365862.txt	365862	Female	8
373	Id366033.txt	366033	Female	6
374	Id366137.txt	366137	Male	16
375	Id366241.txt	366241	Female	17
376	Id366345.txt	366345	Male	17
377	Id366449.txt	366449	Male	43
378	Id366553.txt	366553	Female	18
379	Id366657.txt	366657	Male	19
380	Id367452.txt	367452	Female	44
381	Id367556.txt	367556	Male	10
382	Id368351.txt	368351	Male	16
383	Id368975.txt	368975	Female	7
384	Id369042.txt	369042	Male	8
385	Id369146.txt	369146	Male	42
386	Id369354.txt	369354	Female	39
387	Id369874.txt	369874	Male	45
388	Id369978.txt	369978	Female	41
389	Id370017.txt	370017	Male	10
390	Id370121.txt	370121	Male	40
391	Id371124.txt	371124	Female	40
392	Id371436.txt	371436	Male	41
393	Id371540.txt	371540	Female	57
394	Id371644.txt	371644	Male	58
395	Id371748.txt	371748	Male	10
396	Id371956.txt	371956	Male	6
397	Id372127.txt	372127	Male	11
398	Id372231.txt	372231	Female	8
399	Id373130.txt	373130	Male	22
400	Id373754.txt	373754	Male	10
401	Id400108.txt	400108	Male	26
402	Id400940.txt	400940	Male	38
403	Id401111.txt	401111	Female	38
404	Id402842.txt	402842	Female	9
405	Id402946.txt	402946	Male	11
406	Id403533.txt	403533	Female	11
407	Id403741.txt	403741	Female	24
408	Id403845.txt	403845	Female	24
409	Id406854.txt	406854	Male	15
410	Id406958.txt	406958	Male	15
411	Id407545.txt	407545	Male	22
412	Id410422.txt	410422	Female	33
413	Id410526.txt	410526	Male	11
414	Id410734.txt	410734	Male	6
415	Id410942.txt	410942	Male	13
416	Id411321.txt	411321	Male	37
417	Id411425.txt	411425	Male	14
418	Id412012.txt	412012	Female	46
419	Id412116.txt	412116	Male	11
420	Id412220.txt	412220	Female	14
421	Id412948.txt	412948	Female	43
422	Id413119.txt	413119	Male	46
423	Id413327.txt	413327	Male	20
424	Id413743.txt	413743	Female	39
425	Id413847.txt	413847	Male	42
426	Id414226.txt	414226	Male	15
427	Id414330.txt	414330	Male	15
428	Id414434.txt	414434	Male	14
429	Id416232.txt	416232	Female	40
430	Id416960.txt	416960	Female	6
431	Id418342.txt	418342	Male	62
432	Id419345.txt	419345	Male	24
433	Id420008.txt	420008	Female	44
434	Id420320.txt	420320	Male	9
435	Id450638.txt	450638	Female	12
436	Id451225.txt	451225	Female	42
437	Id451329.txt	451329	Male	6
438	Id451537.txt	451537	Female	37
439	Id452020.txt	452020	Female	24
440	Id452124.txt	452124	Female	25
441	Id453231.txt	453231	Male	52
442	Id453335.txt	453335	Female	12
443	Id453959.txt	453959	Male	8
444	Id454026.txt	454026	Male	37
445	Id454650.txt	454650	Female	13
446	Id454754.txt	454754	Male	27
447	Id455445.txt	455445	Male	55
448	Id456448.txt	456448	Female	38
449	Id456656.txt	456656	Male	11
450	Id457659.txt	457659	Female	10
451	Id457763.txt	457763	Male	6
452	Id457867.txt	457867	Female	39
453	Id457971.txt	457971	Male	13
454	Id458246.txt	458246	Female	11
455	Id458454.txt	458454	Female	41
456	Id458558.txt	458558	Male	62
457	Id458766.txt	458766	Male	6
458	Id459353.txt	459353	Male	13
459	Id459457.txt	459457	Male	13
460	Id459665.txt	459665	Male	32
461	Id460224.txt	460224	Female	41
462	Id460328.txt	460328	Female	10
463	Id460848.txt	460848	Male	50
464	Id461227.txt	461227	Female	12
465	Id461331.txt	461331	Female	12
466	Id461435.txt	461435	Female	11
467	Id462542.txt	462542	Female	9
468	Id462854.txt	462854	Male	12
469	Id462958.txt	462958	Male	12
470	Id463025.txt	463025	Male	15
471	Id463753.txt	463753	Female	47
472	Id464340.txt	464340	Female	40
473	Id465135.txt	465135	Male	22
474	Id465239.txt	465239	Female	24
475	Id465759.txt	465759	Female	35
476	Id465863.txt	465863	Male	73
477	Id466450.txt	466450	Male	8
478	Id466970.txt	466970	Male	34
479	Id467141.txt	467141	Female	11
480	Id467245.txt	467245	Male	8
481	Id467661.txt	467661	Male	40
482	Id468872.txt	468872	Male	67
483	Id469251.txt	469251	Male	11
484	Id469355.txt	469355	Female	44
485	Id469875.txt	469875	Female	37
486	Id469979.txt	469979	Male	39
487	Id471437.txt	471437	Male	24
